{"cameraMode":{"drawMode":0,"name":"Shaded","section":"Shading Mode"},"sceneLighting":false,"audioPlay":false,"sceneViewState":{"showFog":true,"showMaterialUpdate":false,"showSkybox":false,"showFlares":true,"showImageEffects":true,"showParticleSystems":true},"in2DMode":false,"pivot":{"x":0.35191836953163149,"y":-0.07046693563461304,"z":-0.17068934440612794},"rotation":{"x":-0.33555400371551516,"y":-0.02486877329647541,"z":0.008857234381139279,"w":-0.9416700005531311},"size":3.5894484519958498,"orthographic":false}