{"cameraMode":{"drawMode":0,"name":"Shaded","section":"Shading Mode"},"sceneLighting":false,"audioPlay":false,"sceneViewState":{"showFog":true,"showMaterialUpdate":false,"showSkybox":false,"showFlares":true,"showImageEffects":true,"showParticleSystems":true},"in2DMode":false,"pivot":{"x":-0.9914298057556152,"y":8.461197853088379,"z":9.789294242858887},"rotation":{"x":-0.19271333515644074,"y":0.5883773565292358,"z":-0.14699320495128632,"w":-0.7714145183563232},"size":16.2506160736084,"orthographic":false}